,0
0,work experience
1,have experience
2,team player
3,dutch language
4,installation technology
5,service technician
6,good communication
7,english language
8,project management
9,mbo education
10,customer service
11,technical service
12,be responsible
13,mbo level
14,installation technician
15,excellent communication
16,hbo education
17,healthcare technology
18,demonstrable experience
19,elderly care
20,project leader
21,technical knowledge
22,technical management
23,field service
24,take initiative
25,technical insight
26,social support
27,customer experience
28,mbo diploma
29,preventive maintenance
30,strong communication
31,dental assistant
32,hbo diploma
33,online marketer
34,maintenance mechanic
35,written communication
36,well organized
37,can communicate
38,can help
39,university education
40,environment knowledge
41,hbo level
42,professional education
43,computer science
44,vehicle technology
45,technical education
46,vca diploma
47,truck driver
48,palliative care
49,service mechanic
50,functional management
51,logistics service
52,psychiatric nurse
53,service maintenance
54,product knowledge
55,workforce management
56,refrigeration mechanic
57,vr expert
58,primary education
59,oral care
60,technical support
61,team planner
62,providing care
63,wo education
64,account management
65,maintenance technician
66,bachelor degree
67,practical experience
68,management experience
69,delivery driver
70,good listener
71,engineering experience
72,french language
73,strong analytical
74,close cooperation
75,very positive
76,fleet management
77,sales consultant
78,development experience
79,program management
80,care nurse
81,demonstrable knowledge
82,takes initiative
83,electrical engineer
84,stakeholder management
85,healthcare consultant
86,unsolicited headhunter
87,car mechanic
88,maintenance engineer
89,dialysis nurse
90,nursing diploma
91,product management
92,work meticulously
93,sales experience
94,education experience
95,effectiveness management
96,project engineer
97,customer care
98,organic chemistry
99,excellent knowledge
100,somatic care
101,software developer
102,environment experience
103,structural engineer
104,assistant mechanic
105,foreign diploma
106,clear communication
107,security technology
108,product developer
109,wo diploma
110,hbo language
111,daily management
112,training experience
113,personal trainer
114,experienced technician
115,addiction care
116,verbal communication
117,integration developer
118,technical coordinator
119,round installation
120,experienced mechanic
121,risk management
122,air combat
123,mbo language
124,dental care
125,initiative care
126,corrective maintenance
127,technical maintenance
128,maternity care
129,strong organizational
130,healthcare education
131,secondary education
132,pabo diploma
133,day care
134,intensive care
135,stock management
136,assistant diploma
137,data analysis
138,car technician
139,good cooperation
140,business acumen
141,self management
142,independent mechanic
143,vehicle technician
144,self motivated
145,independent installation
146,refrigeration technician
147,cv mechanic
148,physical education
149,highly motivated
150,cost conscious
151,care technology
152,climate technology
153,truck mechanic
154,medicinal chemistry
155,social service
156,defense support
157,strongly committed
158,oral communication
159,teaching assistant
160,support engineer
161,automotive technology
162,masters degree
163,safety investigation
164,change management
165,team coordinator
166,personnel planning
167,nuclear medicine
168,master degree
169,planner engineer
170,bicycle mechanic
171,technician assistant
172,frontend developer
173,engineering knowledge
174,most efficient
175,operational management
176,contract management
177,machine operator
178,ict service
179,pc technology
180,senior consultant
181,technician mechanic
182,german language
183,law degree
184,doctor psychiatrist
185,excellent service
186,doctor assistant
187,administrative assistant
188,aircraft maintenance
189,system engineer
190,installation technical
191,system management
192,systems experience
193,remedial educationalist
194,sales support
195,integrated care
196,nursing care
197,allround carpenter
198,personal leadership
199,primary care
200,maintenance carpenter
201,technical consultant
202,construction fitter
203,heating engineer
204,stable driver
205,project developer
206,sufficient knowledge
207,marketing communication
208,will deliver
209,senior management
210,information technology
211,hbo degree
212,education knowledge
213,chief mechanic
214,bicycle courier
215,strong interpersonal
216,installation maintenance
217,internationally active
218,business management
219,global commitment
220,provide assistance
221,international cooperation
222,installation engineer
223,aircraft technology
224,telecom technician
225,installation mechanic
226,personnel management
227,senior designer
228,network designer
229,social psychiatry
230,being proactive
231,pediatric physiotherapy
232,metal technician
233,renovation maintenance
234,vehicle mechanic
235,chain management
236,personal psychiatry
237,passionate energetic
238,computer knowledge
239,online installation
240,risk analysis
241,teams experience
242,management knowledge
243,substantive knowledge
244,good reputation
245,university degree
246,day management
247,stock maintenance
248,integration consultant
249,absenteeism support
250,external cooperation
251,web developer
252,agile scrum
253,daily maintenance
254,aircraft mechanic
255,assembly engineer
256,asset management
257,gp care
258,contracts experience
259,business intelligence
260,cooling technology
261,first engineer
262,team nurse
263,quality service
264,theoretical knowledge
265,customs service
266,always enthusiastic
267,sprinkler installation
268,education diploma
269,cloud technology
270,warehouse management
271,financially responsible
272,luzac tutoring
273,have perseverance
274,wo level
275,military service
276,highly collaborative
277,youth care
278,logistics engineer
279,ventilation engineer
280,heating technology
281,system administrator
282,instructional designer
283,work proactively
284,supplier management
285,it management
286,solutions support
287,working experience
288,gap analysis
289,duct fitter
290,developed communication
291,patient care
292,cost expert
293,brand awareness
294,occupational medicine
295,product engineer
296,protection service
297,inventory management
298,background investigation
299,mbo nurse
300,process technology
301,medical care
302,maintenance management
303,insulation engineer
304,acute care
305,process management
306,crisis service
307,child care
308,it experience
309,informal caregiver
310,guidance care
311,operational experience
312,payroll administrator
313,work methodically
314,dementia care
315,it knowledge
316,degree teaching
317,practice coordinator
318,natural leadership
319,technical installation
320,industry experience
321,coordinating care
322,forklift driver
323,digital care
324,electrical installation
325,repair technician
326,safety expert
327,care coordinator
328,periodic maintenance
329,cam programming
330,enormous resilience
331,process optimization
332,cause analysis
333,internship experience
334,draftsman knowledge
335,college education
336,broad experience
337,quality awareness
338,tech savvy
339,nursing education
340,reefer mechanic
341,diesel mechanic
342,mechanic installation
343,strong presentation
344,scalability engineer
345,cam programmer
346,machine fitter
347,cardiology nurse
348,user support
349,stock mechanic
350,environmentally conscious
351,technician diploma
352,mbo course
353,estimate engineer
354,relationship management
355,service support
356,european language
357,independent nurse
358,excellent presentation
359,bachelors degree
360,forklift mechanic
361,special education
362,dementia experience
363,sales expert
364,school care
365,good interpersonal
366,independent maintenance
367,major maintenance
368,psychiatric care
369,managerial experience
370,crane operator
371,physical care
372,network management
373,services knowledge
374,advanced degree
375,engineering installation
376,commercial insight
377,excellent analytical
378,can empathize
379,social social
380,have communication
381,specialist care
382,healthcare provider
383,can teach
384,automation technology
385,real installation
386,industry technology
387,diploma knowledge
388,quality support
389,external reporting
390,legal support
391,regular care
392,load balancing
393,welding experience
394,metal technology
395,refrigeration service
396,music therapist
397,lift mechanic
398,ground support
399,counsels support
400,specialist support
401,drawing support
402,world travel
403,digital technology
404,legal knowledge
405,energy management
406,travel experience
407,impactful analysis
408,rehabilitation care
409,general knowledge
410,electrical maintenance
411,highly committed
412,have empathy
413,commercial awareness
414,skills confidence
415,travel tech
416,backend developer
417,automation engineer
418,administrative secretarial
419,political administrative
420,up care
421,programming language
422,content marketer
423,internal childcare
424,dutch experience
425,community care
426,service coordinator
427,thuiszorg met
428,administrative sensitivity
429,engineering service
430,bi consultant
431,support management
432,course knowledge
433,details analytical
434,very enthusiastic
435,stek technician
436,process analysis
437,solution engineer
438,technical degree
439,working mechanic
440,mechanic experience
441,timely availability
442,iv management
443,completed university
444,qualitative care
445,image care
446,technology care
447,residential service
448,technology digitization
449,strategy initiating
450,independent carpenter
451,small maintenance
452,fully committed
453,actively engaging
454,chemistry experience
455,deadlines prioritizing
456,assembly technician
457,hbo chemistry
458,breakthrough therapy
459,project communication
460,competition analysis
461,implementation consultant
462,affiliate publishing
463,personal initiative
464,traffic management
465,ict knowledge
466,continuous optimization
467,skills entrepreneurship
468,occupational therapist
469,strong commitment
470,rd engineer
471,into technology
472,window fitter
473,quality conscious
474,highly organized
475,crane mechanic
476,predictable driver
477,repair maintenance
478,occupational therapy
479,transport planner
480,cv maintenance
481,security engineer
482,skills organizational
483,performance expert
484,great commitment
485,enjoy socializing
486,direct management
487,delivery service
488,transport engineer
489,caregiver nurse
490,direct communication
491,allround plumber
492,international experience
493,problem identification
494,specialist knowledge
495,duct mechanic
496,business leadership
497,stack developer
498,havo diploma
499,duo partner
500,goods management
501,network experience
502,personal service
503,very precise
504,nursing coordinator
505,construction technician
506,methods experience
507,coordinating nurse
508,planned maintenance
509,electrical knowledge
510,group therapy
511,structural maintenance
512,annual maintenance
513,conservation consultant
514,architectural knowledge
515,platform engineer
516,work professionally
517,analysis performing
518,location knowledge
519,communicative experience
520,nurse diploma
521,financial education
522,nurse care
523,draftsman installation
524,terminal care
525,technology experience
526,operations engineer
527,internal management
528,security investigation
529,monthly forecasting
530,roof maintenance
531,territory identification
532,junior engineer
533,refrigeration assistant
534,vacancy assistant
535,cxo level
536,field experience
537,information analysis
538,pneumatics knowledge
539,menu planning
540,filling operator
541,minor maintenance
542,full mechanic
543,liaison service
544,music therapy
545,operational support
546,handle pressure
547,roi analysis
548,caseload coordinator
549,api management
550,azure technology
551,mechanical technician
552,periodontology assistant
553,business consulting
554,consulting experience
555,working collaboratively
556,sales representative
557,care management
558,tax assessment
559,bathroom mechanic
560,installations technician
561,plastic fitter
562,mechanical maintenance
563,architectural education
564,military experience
565,krmt certified
566,nvm certified
567,hardware engineer
568,nautical service
569,psychiatric diagnostics
570,car technology
571,financial reporting
572,event management
573,management consulting
574,engineering education
575,security intelligence
576,telemarketing representative
577,personalized care
578,ifrs reporting
579,development management
580,lifecycle management
581,production assistant
582,hydraulic knowledge
583,frame mechanic
584,portfolio management
585,nature management
586,assembly mechanic
587,ebat diploma
588,english excellent
589,programming knowledge
590,financial analysis
591,it administrator
592,web analyst
593,devops experience
594,pneumatic knowledge
595,think proactively
596,air surveillance
597,university bachelor
598,vwo diploma
599,video technology
600,driving instructor
601,kitchen experience
602,hazard identification
603,safety awareness
604,stek mechanic
605,great communication
606,excellent reporting
607,exercise therapy
608,complex diagnostics
609,equipment maintenance
610,workshop carpenter
611,technician installation
612,tasks management
613,internal communication
614,educational support
615,disability assistance
616,chronic psychiatry
617,performance advertising
618,resource management
619,work collaboratively
620,communication technology
621,access management
622,lead engineer
623,project planning
624,customers maintenance
625,contractor experience
626,analytical insight
627,execution analysis
628,information management
629,gas mechanic
630,diy experience
631,practitioner care
632,laboratory assistant
633,technician maintenance
634,mechanical engineer
635,lead technician
636,very attentive
637,impact analysis
638,foreman technical
639,panel installation
640,highly adaptable
641,naturally curious
642,calendar management
643,extramural care
644,strong empathy
645,ventilation maintenance
646,ventilation technology
647,construction management
648,water management
649,legal administrative
650,qualified nurse
651,needs analysis
652,medical technology
653,strongly ambitious
654,task analysis
655,technical operator
656,customer interaction
657,written proficiency
658,field familiarity
659,honest communication
660,regulations knowledge
661,css knowledge
662,installations engineer
663,grc management
664,financial monitoring
665,application management
666,logistical administrative
667,grc consulting
668,developer marketer
669,marketing surveillance
670,ig knowledge
671,stimulating care
672,construction knowledge
673,sewerage technology
674,good french
675,autocad experience
676,development coordinator
677,enjoy teaching
678,quality coordinator
679,fluent french
680,outlook excel
681,avionics technician
682,architectural planning
683,pedagogical diploma
684,vve installation
685,performance assessment
686,availability management
687,materials maintenance
688,engine mechanic
689,transport coordinator
690,cdd knowledge
691,salesman knowledge
692,cdd assessment
693,cdd analyst
694,asian language
695,positive communication
696,cranes mechanic
697,247 care
698,specialist nurse
699,technical informatics
700,modern programming
701,electronics hardware
702,manual dexterity
703,prototypes devising
704,continuously optimize
705,audiovisual technician
706,time management
707,sap planning
708,salesforce technology
709,senior developer
710,sales assistant
711,lead developer
712,outdoor technician
713,clients monitoring
714,maintenance planning
715,geriatric care
716,mutation maintenance
717,artificial intelligence
718,support analysis
719,equipment procurement
720,logistic support
721,efficient communication
722,kyc analyst
723,cars maintenance
724,plc programmer
725,kyc experience
726,crime education
727,risk assessment
728,competencies representative
729,park maintenance
730,crisis management
731,park management
732,tvm guiding
733,vmware guiding
734,actively motivating
735,physics knowledge
736,malfunction technician
737,experienced physiotherapist
738,passionate physiotherapist
739,natural integrity
740,wms consultant
741,very inquisitive
742,tenant maintenance
743,business science
744,development engineer
745,strategy consulting
746,administrator associate
747,teams administrator
748,office365 administrator
749,management scrum
750,discount optimization
751,confidence storyteller
752,great listener
753,shows integrity
754,price optimization
755,monitor planning
756,specifications planning
757,budget planning
758,line maintenance
759,mechanic operator
760,vacancy surveyor
761,field maintenance
762,refrigeration engineer
763,office365 expert
764,acute psychiatry
765,office365 management
766,hr service
767,vmware service
768,service management
769,hierarchical scrum
770,constantly pushing
771,daily scrum
772,like troubleshooting
773,cloud provider
774,software engineer
775,creative hairstylist
776,adolescent psychiatry
777,psychological care
778,strategy planning
779,java developer
780,exceptional leadership
781,control planning
782,organizational leadership
783,exemplary leadership
784,organization consulting
785,engineering intern
786,cva care
787,amputation care
788,cadence reporting
789,efforts reporting
790,mobility management
791,enterprise management
792,android knowledge
793,po administrator
794,external coordination
795,leadership communication
796,ventilation mechanic
797,work kindness
798,repair mechanic
799,management directing
800,construction installation
801,care enthusiast
802,risks analysis
803,capex supporting
804,radioligand therapy
805,beauty care
806,care youth
807,elevator mechanic
808,therapist expert
809,engine optimization
810,generating awareness
811,medication assistance
812,smartphone photography
813,english proficiency
814,repairing electronics
815,healthcare diploma
816,spss experience
817,ip procurement
818,malfunction engineer
819,excellent consignment
820,co therapist
821,certified scrum
822,train engineer
823,good coordination
824,wo degree
825,open transparent
826,manual therapy
827,exercise therapist
828,experienced therapist
829,remedial therapist
830,pediatric physiotherapist
831,profile physiotherapist
832,line physiotherapy
833,space management
834,crane fitter
835,management livestock
836,livestock farming
837,know excel
838,spatial insight
839,sports physiotherapy
840,self sufficient
841,education planning
842,spatial planning
843,agricultural mechanization
844,workshop repairing
845,engine management
846,agricultural technology
847,grid operator
848,safety technology
849,chemical technology
850,accurate forecasting
851,careful listener
852,clinic coordinator
853,text assistant
854,administrations accounting
855,coding experience
856,administration experience
857,polyglot programmer
858,extreme programming
859,java expert
860,ruby experience
861,design experience
862,sdks experience
863,lakes experience
864,aws customer
865,configuration management
866,it education
867,sis education
868,functional administrator
869,manager informatics
870,business informatics
871,developer experience
872,cloud engineer
873,computer diagnostic
874,porsche mechanic
875,deal pragmatically
876,great adaptability
877,computer literacy
878,marketplace management
879,build loyalty
880,sales associate
881,technical leader
882,technical consulting
883,interpersonal competence
884,data savvy
885,decisions technology
886,microsoft excel
887,schema therapy
888,zzp experience
889,financial engineer
890,electrically troubleshooting
891,great perseverance
892,coaching scrum
893,linux engineer
894,nginx knowledge
895,powerdns experience
896,plesk experience
897,documentation financial
898,logistical knowledge
899,reconditioning electronics
900,budgeting planning
901,high perseverance
902,intrinsically motivate
903,mbo pedagogical
904,internal optimization
905,personality motivated
906,ccu nurse
907,work passionately
908,machining sailmaker
909,packaging wholesaler
910,solution optimizing
911,spv diploma
912,logistics experience
913,affiliate management
914,supermarket cooking
915,dutch music
916,category management
917,diplomatic assertiveness
918,c programming
919,parameters analysis
920,software consultant
921,support consultant
922,situational leadership
923,hr knowledge
924,college diploma
925,absenteeism service
926,vve support
927,operational technician
928,recruitment assistant
929,environmental science
930,science chemistry
931,facility management
932,logistics coordinator
933,security expert
934,personnel supervising
935,certified nurse
936,nursing leadership
937,nurse coordinator
938,physician assistant
939,sales technology
940,failure diagnosing
941,nautical mechanic
942,lean management
943,vendor management
944,piping technology
945,care palliative
946,developmental psychology
947,psychogeriatric care
948,stoma care
949,ventilation roofing
950,friendly humour
951,client management
952,auxiliary technician
953,optimization mathematics
954,optimization scalability
955,nonlinear optimization
956,automation optimization
957,complexity analysis
958,estate planning
959,sewerage installation
960,addiction psychiatry
961,python knowledge
962,sales administrative
963,accountability management
964,online teaching
965,pabo teaching
966,sewage maintenance
967,insurance coordinator
968,sql analytical
969,project consultant
970,financial accounting
971,transactions accounting
972,sox management
973,stek diploma
974,operational accounting
975,draftsman planner
976,mental care
977,think analytically
978,structural management
979,communication management
980,engineering degree
981,recruitment consultant
982,maintenance analysis
983,systems maintenance
984,numerical acumen
985,cloud communication
986,customer awareness
987,emotional intelligence
988,maternity assistant
989,birth care
990,pipe fitter
991,computer technology
992,consignment service
993,visualization analysis
994,geriatric psychiatry
995,data science
996,technical designer
997,equipment mechanic
998,driver courier
999,application developer
1000,actuarial science
1001,mechatronics mechanic
1002,preconditions maintenance
1003,central budgeting
1004,art technology
1005,sales consulting
1006,systems engineer
1007,vmbo diploma
1008,intrinsically motivated
1009,end developer
1010,query language
1011,wo bachelor
1012,plc programming
1013,business analyst
1014,fault diagnostics
1015,engine technology
1016,cloud developer
1017,sap consultant
1018,data engineer
1019,saas engineer
1020,devops engineer
1021,multidisciplinary scrum
1022,situational awareness
1023,kl3 surveyor
1024,data mastering
1025,software intelligence
1026,pipelines coordinator
1027,calibration technician
1028,economics knowledge
1029,salesforce experience
1030,policy assessing
1031,product optimization
1032,market analysis
1033,skin care
1034,teeth care
1035,ssrs knowledge
1036,marketing technology
1037,databricks knowledge
1038,strong mathematical
1039,spa installation
1040,maintenance programming
1041,boiler maintenance
1042,engineering mathematics
1043,mining experience
1044,hospitable service
1045,mr technician
1046,self critical
1047,skills financial
1048,ict education
1049,data management
1050,microsoft experience
1051,matrix management
1052,siem technology
1053,security consultant
1054,qradar knowledge
1055,siem experience
1056,sql knowledge
1057,cultural sensitivity
1058,cultural awareness
1059,proficient excel
1060,adl support
1061,ski instructor
1062,convalescence care
1063,vault management
1064,standards management
1065,accounting 3
1066,accounting contributing
1067,accounting experience
1068,accounting financial
1069,accounting local
1070,accounting rules
1071,acting independently
1072,active listening
1073,active mind
1074,active participation
1075,active player
1076,active positive
1077,active relations
1078,adapt easily
1079,adapt well
1080,administering eye
1081,administering medicines
1082,administering vitamin
1083,administrative actions
1084,administrative background
1085,administrative employee
1086,administrative environment
1087,administrative experience
1088,administrative experienced
1089,administrative field
1090,administrative handling
1091,administrative law
1092,administrative level
1093,administrative logistics
1094,administrative position
1095,administrative process
1096,administrative processes
1097,administrative processing
1098,administrative quality
1099,administrative relations
1100,administrative sensitive
1101,administrative services
1102,administrative skills
1103,administrative tasks
1104,administrative work
1105,adopting emerging
1106,adventurous attitude
1107,advertising manager
1108,advertising processes
1109,advises inspires
1110,advising clients
1111,advising colleagues
1112,advising customers
1113,advising healthcare
1114,advising installing
1115,advising patients
1116,advising production
1117,advising suppliers
1118,ambitious employees
1119,ambitious enthusiastic
1120,ambitious goals
1121,ambitious growth
1122,ambitious innovative
1123,ambitious nurses
1124,ambitious player
1125,ambitious proactive
1126,ambitious professional
1127,ambitious reliable
1128,analysis accountability
1129,analysis advise
1130,analysis business
1131,analysis good
1132,analysis references
1133,analysis reports
1134,analysis services
1135,analysis software
1136,analysis taking
1137,analyst auditor
1138,analyst data
1139,analyst saas
1140,analytic mind
1141,analytical ability
1142,analytical advisory
1143,analytical attitude
1144,analytical creative
1145,analytical customer
1146,analytical decisive
1147,analytical insights
1148,analytical mind
1149,analytical mindset
1150,analytical pragmatic
1151,analytical proactive
1152,analytical purposes
1153,analytical reports
1154,analytical skills
1155,analytical thinking
1156,architectural designs
1157,architectural draftsman
1158,architectural expertise
1159,architectural frameworks
1160,architectural insight
1161,arithmetic comprehension
1162,army command
1163,articulate ideas
1164,articulate storyline
1165,assessing files
1166,assessing plans
1167,assessing quotation
1168,assessing risks
1169,assessing trucks
1170,assessment analysis
1171,assessment technology
1172,assistance engineers
1173,assistance technicians
1174,assistant accountant
1175,assistant controller
1176,assistant cv
1177,assistant installation
1178,assistant installer
1179,assistant production
1180,assistant refrigeration
1181,associate experience
1182,atmosphere competitive
1183,authorization procedure
1184,automotive engineering
1185,biology teacher
1186,boat customer
1187,boat delivery
1188,brainstorm sales
1189,brainstorming session
1190,care diploma
1191,care guidance
1192,care innovation
1193,care knowledge
1194,care medical
1195,care oncology
1196,care professional
1197,care professionals
1198,care providers
1199,care psychogeriatrics
1200,care psychogeriatrie
1201,care requirement
1202,care supervising
1203,carpenter 1
1204,carpenter 2
1205,certified broker
1206,certified contractors
1207,certified data
1208,certified doctor
1209,childcare i
1210,cleanliness achieving
1211,client adviser
1212,client advisers
1213,client advising
1214,client advisor
1215,client consultation
1216,client conversations
1217,client engagement
1218,client profile
1219,client registration
1220,client supervise
1221,client supplier
1222,client target
1223,collaborative ability
1224,collaborative approach
1225,collaborative proactive
1226,college degree
1227,communicate clearly
1228,communicate easily
1229,communicate excellently
1230,communicate smoothly
1231,communicate well
1232,communication advisor
1233,communication excellent
1234,communication humor
1235,communication ict
1236,communication process
1237,communication skills
1238,communication specialist
1239,communicative respect
1240,communicative respectful
1241,communicative responsible
1242,communicative skills
1243,compare quotes
1244,computing customer
1245,computing ecosystem
1246,computing environment
1247,computing industry
1248,computing platform
1249,computing services
1250,computing skills
1251,computing solutions
1252,computing technologies
1253,conceptual thinker
1254,conceptual thinking
1255,concise analyzes
1256,concise motivation
1257,concrete construction
1258,concrete marketing
1259,concrete measures
1260,concrete mixer
1261,concrete mixers
1262,concrete steel
1263,conducting admission
1264,conducting advisory
1265,conducting audits
1266,conducting budget
1267,conducting conversations
1268,conducting intake
1269,conducting intakes
1270,conducting research
1271,conducting reviews
1272,conducting tests
1273,conducting various
1274,conducting well
1275,confident people
1276,consistent manner
1277,consistent training
1278,consistent work
1279,consistently delivering
1280,consultant architect
1281,consultant solution
1282,consultant support
1283,consultative fashion
1284,consultative sales
1285,consultative selling
1286,consulting advisory
1287,consulting architects
1288,consulting skills
1289,converting ambitions
1290,converting construction
1291,convince people
1292,convincing communication
1293,convincing discussion
1294,convincing presentation
1295,cooking diploma
1296,cooking education
1297,coordinator fitness
1298,coordinator preparation
1299,coordinator recruitment
1300,coordinator technical
1301,coordinator telephone
1302,creative ambitious
1303,creative analytical
1304,creative approach
1305,creative backgrounds
1306,creative brainstorm
1307,creative candidate
1308,creative ideas
1309,creative minded
1310,creative persistent
1311,creative pragmatic
1312,creative prescriptive
1313,creative scientist
1314,creative solution
1315,creative solutions
1316,creative spirit
1317,creative spontaneous
1318,creative tech
1319,creative thinker
1320,creativity experience
1321,critical humor
1322,critical player
1323,curious attitude
1324,curious proactive
1325,customer centric
1326,customer data
1327,customer friendliness
1328,customer friendly
1329,customer information
1330,customer insights
1331,customer oriented
1332,customer specifications
1333,customer suppliers
1334,customer support
1335,cycle management
1336,database administrators
1337,debtor creditor
1338,decisive attitude
1339,decisive communicative
1340,decisive decisive
1341,decisive flexible
1342,decisive knowledge
1343,decisive person
1344,dedicate yourself
1345,deliver bathrooms
1346,deliver bootcamps
1347,designer kitchens
1348,designer project
1349,designing aluminum
1350,designing building
1351,designing drawing
1352,develop applications
1353,develop cloud
1354,develop components
1355,develop drawings
1356,develop employees
1357,develop presentation
1358,develop relationships
1359,develop software
1360,develop technology
1361,develop test
1362,developer business
1363,developer customer
1364,developmental psychological
1365,diagnostic innovations
1366,digitally skilled
1367,diploma care
1368,diploma caregiver
1369,diploma maintenance
1370,diploma mbo
1371,diploma mechanical
1372,diploma mvk
1373,diploma nursing
1374,diploma payroll
1375,diploma recruiter
1376,diploma technician
1377,diploma technology
1378,directing practitioner
1379,disabled care
1380,distribute medication
1381,distribute medicines
1382,drafting advice
1383,drafting improvements
1384,drafting investment
1385,driver card
1386,driver crane
1387,driver delivery
1388,driver drive
1389,driver license
1390,duplicating efforts
1391,economic area
1392,economic crime
1393,education bachelor
1394,education banking
1395,education because
1396,education coach
1397,education courses
1398,education hbo
1399,education mbo
1400,education restructuring
1401,education secondary
1402,education senior
1403,education specialists
1404,educational coaches
1405,efficient arrangement
1406,efficient design
1407,efficient digitally
1408,efficient electronic
1409,efficient organization
1410,efficient planning
1411,efficient processing
1412,efficient working
1413,electronics experience
1414,emergency training
1415,empathize sufficiently
1416,encourages employees
1417,energetic appearance
1418,energetic driven
1419,energetic enthusiastic
1420,energetic flexible
1421,energetic focused
1422,energetic helpful
1423,energetic innovative
1424,energetic motivated
1425,energetic working
1426,engage customers
1427,engage directly
1428,engaging conversations
1429,engaging fashion
1430,engaging learner
1431,engaging strategic
1432,engineer analytics
1433,engineer architect
1434,engineer control
1435,engineer controls
1436,engineer data
1437,engineer electrical
1438,engineer installing
1439,engineer mechanical
1440,engineer mechatronics
1441,enthusiastic broker
1442,enthusiastic carpenter
1443,enthusiastic communicative
1444,enthusiastic driven
1445,enthusiastic driver
1446,enthusiastic eager
1447,enthusiastic experienced
1448,enthusiastic logistics
1449,enthusiastic management
1450,enthusiastic mbo
1451,enthusiastic motivated
1452,enthusiastic organization
1453,enthusiastic organized
1454,enthusiastic pediatric
1455,enthusiastic planner
1456,enthusiastic proactive
1457,enthusiastic productive
1458,entrepreneurial mindset
1459,estimate product
1460,estimate risks
1461,evaluate alternative
1462,evaluate behavioral
1463,evaluate potential
1464,evaluate set
1465,exceeds quota
1466,exceeds targets
1467,excel ability
1468,excel document
1469,excel driven
1470,excel excellent
1471,excel fluent
1472,excel good
1473,excel languages
1474,excel skills
1475,excellent assessment
1476,excellent connecting
1477,excellent construction
1478,excellent dexterity
1479,excellent documentation
1480,excellent dutch
1481,excellent excel
1482,excellent interpersonal
1483,executing construction
1484,executing drawings
1485,executing enterprise
1486,executing joint
1487,executing projects
1488,experience account
1489,experience accounting
1490,experience amounts
1491,experience architecting
1492,experience assisting
1493,experience bachelor
1494,experience designer
1495,experience designing
1496,experience developer
1497,experience developing
1498,experience developments
1499,experience doctor
1500,experience documenting
1501,experience driver
1502,experience drivers
1503,experience driving
1504,experience education
1505,experience electronics
1506,experience engineering
1507,experience maintenance
1508,experience manager
1509,experience managing
1510,experience mapping
1511,experience maritime
1512,experience marketing
1513,experience mechanic
1514,experience mechanics
1515,experience negotiating
1516,experience nuclear
1517,experience recruitment
1518,experience researchers
1519,experience supervisor
1520,experience technical
1521,experience testing
1522,experience web
1523,experience welding
1524,experienced caregiver
1525,experienced carer
1526,experienced carpenters
1527,experienced commissioner
1528,experienced contractor
1529,experienced craftsman
1530,experienced craftsmen
1531,experienced declarants
1532,experienced dental
1533,experienced dentist
1534,experienced developer
1535,experienced developers
1536,experienced electrician
1537,experienced expert
1538,experienced installation
1539,experienced marketer
1540,experienced nurse
1541,experienced paralegal
1542,experienced plumber
1543,experienced psychologists
1544,experienced roofer
1545,experienced roofers
1546,experienced salesforce
1547,experienced salesman
1548,experienced specialist
1549,experienced specialists
1550,experienced trainers
1551,expert enthusiastic
1552,expert marketing
1553,expert medical
1554,expert nurses
1555,facilitate customer
1556,financial administration
1557,financial background
1558,financial calculations
1559,financial controller
1560,financial insight
1561,financial planning
1562,financial reports
1563,fitter construction
1564,fitter installation
1565,fitter welder
1566,forensic title
1567,french dutch
1568,french german
1569,guiding administrations
1570,guiding children
1571,guiding clients
1572,guiding coaching
1573,guiding colleagues
1574,guiding contractors
1575,guiding customer
1576,guiding employees
1577,guiding mechanics
1578,guiding practitioners
1579,guiding restructuring
1580,guiding starters
1581,guiding students
1582,hardware experience
1583,hardware knowledge
1584,helpful tactful
1585,holistic skill
1586,honest proactive
1587,hospitable attitude
1588,hospitable experience
1589,hospitality catering
1590,hr finance
1591,hr legislation
1592,hr manager
1593,hr matters
1594,hr officer
1595,hr process
1596,hr processes
1597,hr project
1598,hr quality
1599,hr recruitment
1600,hr team
1601,informatics business
1602,informatics electronics
1603,informatics ict
1604,informational communication
1605,initiating work
1606,initiative collaborate
1607,initiative enthusiasm
1608,initiative enthusiastic
1609,initiative takes
1610,innovative ability
1611,innovative attitude
1612,innovative creative
1613,innovative energetic
1614,innovative leader
1615,innovative solutions
1616,innovative technician
1617,innovative trendsetting
1618,inquisitive driven
1619,inquisitive logistics
1620,inquisitive mbo
1621,inquisitive nature
1622,inquisitive person
1623,inquisitive technician
1624,inquisitive technicians
1625,inspiring professional
1626,installation assistance
1627,installation expert
1628,installation inspecting
1629,installation manager
1630,installation maratec
1631,installation mechanical
1632,installation overhaul
1633,installation specialist
1634,installation specialists
1635,installation support
1636,installation training
1637,installation videos
1638,installation work
1639,installation works
1640,instructional design
1641,integrated consultation
1642,integrated marketing
1643,integrity code
1644,integrity craftsmanship
1645,integrity transparency
1646,integrity work
1647,intelligence platform
1648,interaction guidance
1649,interaction simulations
1650,interactive guidance
1651,interactive marketing
1652,interactive videos
1653,international construction
1654,interpersonal activities
1655,interpersonal analytical
1656,interpersonal effectiveness
1657,interpersonal skills
1658,knowledge management
1659,knowledge master
1660,knowledge mechanical
1661,knowledge transfer
1662,language administrative
1663,language dutch
1664,language english
1665,language german
1666,language knowledge
1667,language possession
1668,language proficiency
1669,language skills
1670,leader hanneke
1671,leader healthcare
1672,leader ict
1673,leader information
1674,leader manager
1675,leadership capabilities
1676,leadership courage
1677,leadership deep
1678,leadership experience
1679,leadership persuasiveness
1680,leadership qualities
1681,leadership responsible
1682,leadership strong
1683,leading agricultural
1684,leading architecture
1685,leading brands
1686,leading company
1687,leading customer
1688,leading innovation
1689,leading manufacturer
1690,leading market
1691,leading mechanical
1692,leading organization
1693,leading partner
1694,leading player
1695,leading plumber
1696,leading position
1697,leading predict
1698,leading premium
1699,leading products
1700,leading project
1701,leading projects
1702,leading provider
1703,leading role
1704,leading sales
1705,leading specialist
1706,leading strategic
1707,level mbo
1708,level negotiation
1709,level planning
1710,lifting solutions
1711,listening skills
1712,logical thinking
1713,logistical direction
1714,logistical insights
1715,maintenance advising
1716,maintenance assignments
1717,maintenance experience
1718,maintenance expert
1719,maintenance failure
1720,maintenance financial
1721,maintenance inspection
1722,maintenance inspections
1723,maintenance installation
1724,maintenance installing
1725,maintenance manager
1726,maintenance mechanical
1727,maintenance mechanizations
1728,maintenance operator
1729,maintenance overhaul
1730,maintenance plans
1731,maintenance renovation
1732,maintenance repairs
1733,maintenance reports
1734,maintenance resolve
1735,maintenance specialist
1736,maintenance supervisor
1737,maintenance technicians
1738,maintenance troubleshooting
1739,maintenance upgrading
1740,maintenance welding
1741,maintenance work
1742,management activities
1743,management advises
1744,management affinity
1745,management attending
1746,management brand
1747,management career
1748,management commercial
1749,management companies
1750,management department
1751,management development
1752,management discipline
1753,management domain
1754,management drawing
1755,management dynamics
1756,management economics
1757,management entrepreneurship
1758,management escalations
1759,management experienced
1760,management expert
1761,management finance
1762,management guiding
1763,management housing
1764,management keeping
1765,management leadership
1766,management leading
1767,management licensing
1768,management logistics
1769,management marketing
1770,management models
1771,management organizational
1772,management planning
1773,management preparing
1774,management skills
1775,management software
1776,management specialist
1777,management spectrum
1778,management sql
1779,management standardization
1780,management strategies
1781,management supervision
1782,management techniques
1783,management testing
1784,management thinking
1785,management tooling
1786,management training
1787,manufacture installation
1788,manufacture molds
1789,manufacture repair
1790,mathematics teacher
1791,mechanic assembly
1792,mechanic automatiseringstechniek
1793,mechanic beton
1794,mechanic car
1795,mechanic cranes
1796,mechanic electrical
1797,mechanic electrotechnical
1798,mechanic frames
1799,mechanic hoisting
1800,mechanic international
1801,mechanic knowledge
1802,mechanic let
1803,mechanic manager
1804,mechanic market
1805,mechanic mbo
1806,mechanic mechanical
1807,mechanic mechatronics
1808,mechanic meet
1809,mechanic metalworking
1810,mechanic plastic
1811,mechanic polyester
1812,mechanic service
1813,mechanic work
1814,mechanic works
1815,mediate experience
1816,mental health
1817,monitoring all
1818,monitoring capability
1819,monitoring customer
1820,monitoring experience
1821,monitoring external
1822,monitoring maintenance
1823,monitoring progress
1824,monitoring project
1825,monitoring quality
1826,monitoring role
1827,monitoring solutions
1828,monitoring systems
1829,monitoring tools
1830,motivate clients
1831,motivate convince
1832,motivate energize
1833,motivated inquisitive
1834,motivated man
1835,motivated patient
1836,motivating attitude
1837,motivating environment
1838,motivating investment
1839,motivating personality
1840,multicultural target
1841,multidimensional organization
1842,multidisciplinary composition
1843,multidisciplinary construction
1844,multidisciplinary consultation
1845,multidisciplinary team
1846,neat appearance
1847,negotiating agreements
1848,negotiating skills
1849,networking agile
1850,networking architecture
1851,networking firewalls
1852,networking pioneer
1853,nimble creative
1854,numerical insight
1855,numerically strong
1856,nurse level
1857,nurse practitioner
1858,nurse senior
1859,nurse specialist
1860,nurse supervisor
1861,operational administrative
1862,operational processes
1863,operational procurement
1864,optimistic resourceful
1865,optimization ability
1866,optimization campaigns
1867,optimization improvement
1868,optimization processes
1869,optimization projects
1870,optimization proposition
1871,optimization streamlining
1872,optimize administrative
1873,optimize automation
1874,optimize capacity
1875,optimize customer
1876,optimize information
1877,optimizing automation
1878,optimizing collaboration
1879,optimizing marketing
1880,optimizing performance
1881,organizational ability
1882,organizational culture
1883,organizational preparations
1884,organizational skills
1885,packing boxes
1886,packing equipment
1887,packing instruction
1888,packing rolls
1889,partner interactions
1890,passionate specialists
1891,passionate strategic
1892,patient lifting
1893,patient loved
1894,pedagogical employee
1895,performing analyzes
1896,performing business
1897,performing calibrations
1898,performing camera
1899,performing caring
1900,performing checks
1901,performing complex
1902,performing control
1903,performing corrective
1904,performing curative
1905,performing data
1906,performing environmental
1907,performing flaring
1908,performing hair
1909,performing inspections
1910,performing installation
1911,performing periodic
1912,performing preventive
1913,performing rehabilitative
1914,performing service
1915,performing stock
1916,performing support
1917,persuasive negotiating
1918,persuasiveness core
1919,persuasiveness experience
1920,persuasiveness initiative
1921,persuasiveness networks
1922,persuasiveness self
1923,physiotherapist dietician
1924,physiotherapy practice
1925,planner draftsman
1926,planner supplying
1927,planning act
1928,planning activities
1929,planning allocation
1930,planning assignment
1931,planning budget
1932,planning build
1933,planning coordinate
1934,planning design
1935,planning development
1936,planning documents
1937,planning execution
1938,planning installation
1939,planning organizing
1940,planning quality
1941,planning reporting
1942,planning roadmaps
1943,planning skills
1944,planning software
1945,planning system
1946,planning systems
1947,planning traffic
1948,player command
1949,player eager
1950,player enthusiasm
1951,player skills
1952,plumber installation
1953,positive atmosphere
1954,positive attitude
1955,positive certificate
1956,positive change
1957,positive communicative
1958,positive contribution
1959,positive drive
1960,positive eager
1961,positive energy
1962,positive enthusiastic
1963,positive health
1964,positive image
1965,positive impression
1966,positive influence
1967,positive personality
1968,positivity adorn
1969,powerful leader
1970,practical guidance
1971,practical knowledge
1972,practical mentality
1973,practical skills
1974,prepared budget
1975,preparing dishes
1976,preparing drawing
1977,preparing electrical
1978,preparing equipment
1979,preparing maintenance
1980,preparing management
1981,preparing measurement
1982,preparing measuring
1983,preparing orders
1984,preparing planned
1985,preparing progress
1986,preparing projects
1987,preparing quotations
1988,preparing ships
1989,preparing tax
1990,preparing work
1991,presentation abilities
1992,presentation layer
1993,presentation skills
1994,presentation use
1995,prevent disruptions
1996,prevent downtimes
1997,prevent escalation
1998,prevent failures
1999,preventing absenteeism
2000,proactive approach
2001,proactive attitude
2002,proactive flexible
2003,proactive independent
2004,proactive knowledge
2005,proactive mentality
2006,proactive powerful
2007,proactive resilient
2008,proactive responsible
2009,proactive result
2010,proactive role
2011,proactive scientist
2012,proactively contribute
2013,proactively determine
2014,proactively ensuring
2015,proactively flexible
2016,proactively improve
2017,proactively look
2018,proactively looking
2019,proactively monitor
2020,proactively presenting
2021,proactively propose
2022,proactively reach
2023,proactively resolves
2024,proactively seeks
2025,proactively solve
2026,proactively work
2027,productivity expertise
2028,programming Â·
2029,project budget
2030,project coordinator
2031,project developers
2032,project development
2033,project engineers
2034,project executors
2035,project individually
2036,project leaders
2037,project legal
2038,project lifecycle
2039,project manager
2040,project meetings
2041,project meets
2042,project metrics
2043,project milestones
2044,project needs
2045,project objectives
2046,project office
2047,project opportunities
2048,project ordering
2049,project organization
2050,project organizer
2051,project oriented
2052,project other
2053,project partner
2054,project phases
2055,project phasing
2056,project plan
2057,project plans
2058,project portfolio
2059,project preparation
2060,project process
2061,project progress
2062,project proposals
2063,project provide
2064,project quality
2065,project realizing
2066,project relations
2067,project reporting
2068,project reports
2069,project requirements
2070,project resources
2071,project responsibilities
2072,project result
2073,project review
2074,project risks
2075,project roles
2076,project schedule
2077,project scoping
2078,project specifications
2079,project staffing
2080,psychiatric nurses
2081,psychiatric nursing
2082,psychiatric psychosocial
2083,psychiatrist monitoring
2084,psychiatry division
2085,psychiatry knowledge
2086,psychiatry recovery
2087,psychiatry training
2088,psychic interventions
2089,psychological complaints
2090,psychological counseling
2091,psychological perspective
2092,psychological problems
2093,psychological psychiatric
2094,psychological research
2095,psychological somatic
2096,psychological treatments
2097,psychology pedagogy
2098,psychosocial counseling
2099,psychosocial field
2100,psychosocial problems
2101,psychotherapeutic treatments
2102,psychotherapy training
2103,qualified nurses
2104,qualified pedagogical
2105,qualified personnel
2106,qualified student
2107,qualified teacher
2108,qualitative efficient
2109,qualitative expert
2110,recognizing common
2111,recognizing opportunities
2112,recommending content
2113,record budget
2114,record companies
2115,renovate bathrooms
2116,repairing damage
2117,reporting activities
2118,reporting building
2119,reporting develop
2120,reporting developments
2121,reporting disruptions
2122,reporting financial
2123,reporting findings
2124,reporting irregularities
2125,reporting processes
2126,reporting requirements
2127,reporting specialist
2128,reporting work
2129,representative appearance
2130,representative customer
2131,requesting permissions
2132,requesting quotes
2133,responsible chef
2134,responsible director
2135,responsible level
2136,responsible manner
2137,responsible person
2138,responsible position
2139,responsible precise
2140,responsible work
2141,retailer compliance
2142,roofing maintenance
2143,roofing membranes
2144,roofing solar
2145,roofing systems
2146,running breakdown
2147,running consignment
2148,running deployment
2149,running restaurant
2150,science computer
2151,science databases
2152,science electronics
2153,science engineering
2154,scientific rigor
2155,scientific training
2156,screening interview
2157,screening policy
2158,secretarial employees
2159,sensitivity persuasiveness
2160,service desk
2161,service engineer
2162,service leader
2163,service manager
2164,service principle
2165,service provider
2166,service providers
2167,service representative
2168,service specialist
2169,social activities
2170,social advertising
2171,social analytical
2172,social attitude
2173,social media
2174,social network
2175,social psychiatric
2176,social services
2177,social skills
2178,social worker
2179,stimulating innovations
2180,strategic advice
2181,strategic analytical
2182,strategic approach
2183,strategic tactical
2184,strategic thinking
2185,strategic value
2186,strategic vendor
2187,strategic vendors
2188,strategic view
2189,strategic vision
2190,successful working
2191,sufficient ambition
2192,sufficient discipline
2193,supervise apprentice
2194,supervise assistants
2195,supervise processes
2196,supervise sales
2197,supervising civil
2198,supervising compliance
2199,supervising generating
2200,supervising inspections
2201,supervising interns
2202,supervising post
2203,supervising procedures
2204,supervising restructuring
2205,supervising sales
2206,supervising technicians
2207,supplier partnerships
2208,support adoption
2209,support advocacy
2210,support consumer
2211,support customer
2212,support customers
2213,support employee
2214,support engineers
2215,support environment
2216,support experience
2217,support processes
2218,support psychiatric
2219,support specialist
2220,supportive care
2221,supportive training
2222,surveying activities
2223,sustainable design
2224,sustainable employability
2225,tactful honest
2226,tactical military
2227,talented drivers
2228,teaching experience
2229,teaching skills
2230,tech experience
2231,technical advice
2232,technical advisor
2233,technical analytical
2234,technical application
2235,technical aptitude
2236,technical architect
2237,technical architects
2238,technical architecture
2239,technical architectures
2240,technical assessment
2241,technical assistance
2242,technical certifications
2243,technical challenges
2244,technical coaching
2245,technical construction
2246,technical consultation
2247,technical content
2248,technical control
2249,technical design
2250,technical disciplines
2251,technical employer
2252,technical excellence
2253,technical experience
2254,technical expert
2255,technical nursing
2256,technically oriented
2257,technically skilled
2258,technician instrumentation
2259,technician mechanical
2260,technician mechanics
2261,technician plumber
2262,technology education
2263,technology engineer
2264,technology maintenance
2265,technology preference
2266,technology proactive
2267,tenacious creative
2268,therapy insight
2269,therapy pediatric
2270,therapy skills
2271,thorough checking
2272,thorough motivation
2273,tidying up
2274,trainer chipsoft
2275,translate insights
2276,translate policy
2277,translate prisma
2278,translate sales
2279,translate wishes
2280,translates into
2281,translating category
2282,translating customer
2283,translating information
2284,translating logistical
2285,translating presenting
2286,translating science
2287,troubleshoot technical
2288,troubleshooting performing
2289,troubleshooting repair
2290,uniform manner
2291,uniform structure
2292,university law
2293,urban planners
2294,usability availability
2295,validate functional
2296,versatile technical
2297,visually attractive
2298,vitality coaching
2299,vitality services
2300,warmly welcome
2301,welcoming culture
2302,welcoming environment
2303,wholesaler manufacturer
2304,wholesaler supplies
2305,writer competences
2306,young ambitious
2307,young beautiful
2308,young energetic
2309,young enthusiastic
2310,youth dental
2311,dutch language spoken
2312,english language spoken
2313,mbo level 3
2314,building management systems
2315,written communication skills
2316,vocational education level
2317,logistics service providers
2318,home care organization
2319,running consignment services
2320,perform technical nursing
2321,ig level 3
2322,specialist mental healthcare
2323,residential care center
2324,senior project manager
2325,project leader healthcare
2326,mbo level 4
2327,second language nt2
2328,foreign diploma supplemented
2329,specializations scientific research
2330,own service van
2331,training caregiver ig
2332,meetings decontamination disinfection
2333,installation technician assistant
2334,work planner engineer
2335,verbal communication skills
2336,heating service technician
2337,nurse level 4
2338,mbo level 2
2339,experienced service technician
2340,dental assistant diploma
2341,nursing level 4
2342,palliative care wound
2343,assistant installation technician
2344,b language dutch
2345,thinking level technical
2346,thinking level excellent
2347,level excellent command
2348,strong analytical skills
2349,technical maintenance specialist
2350,hbo education preferably
2351,social psychiatric nurses
2352,assembly engineer mechatronics
2353,fleet management systems
2354,automotive technology electronics
2355,scm installation recognition
2356,protection service engineer
2357,technical support engineer
2358,technical service provider
2359,perform preventive maintenance
2360,completed technical education
2361,somatic care requirement
2362,personal psychiatry recovery
2363,perform maintenance inspections
2364,recovery support psychiatric
2365,within installation technology
2366,installation technician then
2367,metal technician mechanic
2368,maintenance engineer at
2369,installation technology at
2370,ig diploma recruiter
2371,air combat command
2372,sprinkler installation engineer
2373,service maintenance technician
2374,can adapt well
2375,project leader work
2376,mbo language dutch
2377,social service drechtsteden
2378,insulation technician full
2379,medicinal chemistry team
2380,vocational education diploma
2381,captain hr manager
2382,vol driver license
2383,experience carpenter 1
2384,employee social support
2385,stock maintenance mechanic
2386,cost estimate engineer
2387,project leader care
2388,oral communication skills
2389,completed cooking education
2390,air combat leader
2391,service technician w
2392,c level relationships
2393,allround service engineer
2394,hbo language dutch
2395,professional education marketing
2396,round service provider
2397,vocational education framework
2398,installation technician w
2399,c level executives
2400,answering technical questions
2401,installation technology driving
2402,real installation specialists
2403,round installation specialist
2404,prevention course knowledge
2405,apprentice service technician
2406,forklift driver license
2407,completed technical mbo
2408,installations carrying out
2409,work experience requirements
2410,education bachelor working
2411,hbo level Â·
2412,installation technology electrical
2413,voltage installation technician
2414,round installation technician
2415,sales support specialist
2416,own customer portfolio
2417,completed university education
2418,healthcare technology solutions
2419,hbo language english
2420,truck mechanic experience
2421,maintenance management system
2422,engineering installation technology
2423,organic chemistry experience
2424,creative project leader
2425,organic chemistry techniques
2426,technology project leader
2427,refrigeration service technician
2428,knit chemistry team
2429,naturalization service precisely
2430,carer diploma have
2431,weekend education mbo
2432,maintenance mechanic at
2433,work experience gained
2434,independent installation technician
2435,healthcare technology required
2436,dutch language skills
2437,develop strategic plans
2438,sized installation companies
2439,healthcare technology applications
2440,basal concrete mortar
2441,mbo language german
2442,haarlem language dutch
2443,performing technical nursing
2444,completed education hbo
2445,discuss patient progress
2446,many communication channels
2447,senior financial accountant
2448,working level experience
2449,senior level leaders
2450,french language spoken
2451,european language spoken
2452,b language english
2453,care management purchasing
2454,health nurse specialist
2455,project management methodologies
2456,primary education license
2457,university bachelor degree
2458,corporate social responsibility
2459,preferred consulting background
2460,wo education experience
2461,mbo level 34
2462,account management experience
2463,education level 4
2464,experience developer 2
2465,work diploma basic
2466,working level preferably
2467,process consultant grc
2468,gap analysis reports
2469,identifying customer requirements
2470,service maintenance team
2471,maintenance technician heating
2472,delamine maintenance team
2473,panel installation works
2474,risk management measures
2475,installation maintenance inspection
2476,renovation maintenance projects
2477,nijmegen language german
2478,french language mastery
2479,perform administrative tasks
2480,installation technician plumber
2481,equipment maintenance mechanic
2482,service mechanic hoisting
2483,resolve communication failure
2484,technical consultant architect
2485,mbo care ig
2486,machine fitter construction
2487,aircraft mechanic b1
2488,self supporting attitude
2489,stakeholder management willingness
2490,develop customer needs
2491,scientific informational communication
2492,oncology analytic mind
2493,developed scientific rigor
2494,personal trainer m
2495,management entrepreneurship sports
2496,papendrecht financial monitoring
2497,regular patient care
2498,primary care innovation
2499,digital care innovation
2500,patient lifting solutions
2501,responsible level 3
2502,optimize administrative processes
2503,specialist hr employees
2504,service technician installation
2505,maintain customer loyalty
2506,junior engineer control
2507,curative maintenance systems
2508,picking preparing goods
2509,warehouse management keeping
2510,krmt certified broker
2511,bicycle technician diploma
2512,corporal mechanic electrotechnical
2513,stakeholder management skills
2514,hbo psychiatric nurse
2515,feijenoordâ psychiatric nurse
2516,completed architectural education
2517,reading technical drawings
2518,technical service engineer
2519,senior technical implementation
2520,mbo language english
2521,education level 2
2522,ask critical questions
2523,hearing care professional
2524,account management licensing
2525,deep analytical skills
2526,dutch language hbo
2527,making financial analyzes
2528,service customer friendliness
2529,refrigeration technician maintenance
2530,advanced assistant accountant
2531,english language competences
2532,answering customer questions
2533,support psychiatric care
2534,teaching assistant diploma
2535,modeling coding databases
2536,motors electronics pneumatics
2537,infrastructure project manager
2538,nursing practical experience
2539,analyze conceptual thinking
2540,zevenhuizen language dutch
2541,organizing customer orientation
2542,computer science fundamentals
2543,nonlinear optimization ability
2544,automation optimization scalability
2545,realize beautiful buildings
2546,developing customer applications
2547,risk management requirements
2548,configuration management platforms
2549,horizontal scalability automation
2550,technical degree required
2551,technician plumber installation
2552,coordinator service manager
2553,hbo language german
2554,gelderland language dutch
2555,installation technician inrax
2556,clients financial planning
2557,analyzing financial data
2558,business informatics ict
2559,engineering experience manager
2560,extreme programming test
2561,modernize customer applications
2562,pabo qualified teacher
2563,ict service offer
2564,it education teaching
2565,mbo level experience
2566,data analytical skills
2567,develops beautiful yachts
2568,time management skills
2569,change management skills
2570,planning experience required
2571,window fitter im
2572,monitoring project progress
2573,policy strategic thinking
2574,mbo diploma technology
2575,project coordinator work
2576,maternity care certificate
2577,crime education certificate
2578,mbo4 level experience
2579,risk assessment analysis
2580,financial economical crime
2581,financial economic crime
2582,independent financial advice
2583,delft educational attainment
2584,complex customer challenges
2585,automate financial services
2586,analyzing customer relationships
2587,modern programming language
2588,real entrepreneurial mindset
2589,mbo education 3
2590,finishing mechanic allround
2591,stock management maintenance
2592,field service technician
2593,cloud computing adoption
2594,senior technical position
2595,plan installation requirements
2596,flexible client oriented
2597,sales experience fluency
2598,written communication initiative
2599,engineering technical construction
2600,innovative project management
2601,test engineer system
2602,developer customer insights
2603,senior financial controller
2604,no experience required
2605,know excel sheets
2606,natural leadership skills
2607,health care provider
2608,different reporting systems
2609,gardens interactive screens
2610,hbo university work
2611,political administrative sensitivity
2612,warehouse reporting building
2613,sql analytical insight
2614,motivated plumber apprentice
2615,pragmatic technical consultant
2616,pdl palliative care
2617,mbo education experience
2618,mild intellectual disability
2619,flexible teaching assistant
2620,dutch language english
2621,term experience manager
2622,project technical background
2623,german french dutch
2624,performing hair transplants
2625,perform hair transplants
2626,manage project budget
2627,deepen client relationships
2628,nuclear medicine aaa
2629,escalate critical undesired
2630,preventive maintenance advising
2631,b driver license
2632,scheduling preventive maintenance
2633,write excellent dutch
2634,digital customer experience
2635,engine optimization including
2636,data analysis etc
2637,confidence storyteller effectively
2638,cloud computing ecosystem
2639,price optimization campaigns
2640,administrative experienced type
2641,perform psychological treatments
2642,psychotherapists mental health
2643,make beautiful coupes
2644,management project development
2645,transformational technical solutions
2646,politics administrative experienced
2647,car mechanic commercial
2648,service technician escalators
2649,installation technology mechatronics
2650,service technician refrigeration
2651,gas diploma general
2652,judgment analytical skills
2653,specialist care department
2654,primary care department
2655,nurse level 6
2656,administrator associate microsoft
2657,ventilation roofing solar
2658,demand technical drawings
2659,construction installation technology
2660,construction college education
2661,changing psychological counseling
2662,c level connections
2663,geriatric medicine which
2664,all technical nursing
2665,intramural care sector
2666,without diploma please
2667,emea leadership team
2668,experienced customer consultants
2669,entrepreneurial creative spirit
2670,trainee project manager
2671,universal experience work
2672,skills financial insight
2673,have leadership skills
2674,maintaining operational data
2675,hbo qualified nurse
2676,online accounting systems
2677,fleet management market
2678,dutch language proficiency
2679,organizing multidisciplinary team
2680,oriented mental health
2681,education installation technology
2682,awareness cultural sensitivity
2683,performance monitoring capability
2684,mbo education installation
2685,data mastering analog
2686,developed innovative services
2687,chief mechanic manager
2688,market education mbo
2689,commercial economic study
2690,closely follows market
2691,german language spoken
2692,increasing customer portfolios
2693,monitoring customer behavior
2694,communication management leadership
2695,education level mbo
2696,hbo diploma mechanical
2697,car technician diploma
2698,car technician mechanic
2699,training language dutch
2700,nursing patient care
2701,allround carpenter do
2702,director level bskilled
2703,director level extensive
2704,rate database up
2705,dementia technical nursing
2706,care palliative care
2707,do palliative care
2708,wound care palliative
2709,palliative care putting
2710,modern management techniques
2711,situational leadership style
2712,directive leadership style
2713,internal optimization streamlining
2714,natural leadership style
2715,leader pedagogical coach
2716,mbo pedagogical work
2717,services stakeholder engagement
2718,working hospitality security
2719,pumps service engineer
2720,hbo language netherlands
2721,general project planning
2722,control technology pneumatics
2723,music therapy skills
2724,hbo music therapy
2725,profitability financial calculations
2726,through organizational analysis
2727,daily financial administration
2728,dutch language c1
2729,application drafting process
2730,b2 level dutch
2731,product project management
2732,conversion optimization processes
2733,heemstede disabled care
2734,hbo nurse senior
2735,identify client behavior
2736,complex technical nursing
2737,available language german
2738,professional communication skills
2739,stoma care catheterisation
2740,c programming Â·
2741,manager technical specialist
2742,vb management sql
2743,leading project manager
2744,replacing electronic circuits
2745,technology service mechanic
2746,c language dutch
2747,qualified service engineer
2748,business analyst saas
2749,information analysis software
2750,cloud developer business
2751,demonstrable leadership capabilities
2752,respectful customer oriented
2753,commercial technical background
2754,knit maintenance team
2755,high pressure cleaner
2756,troubleshoot technical challenges
2757,outstanding customer relationships
2758,solution engineer analytics
2759,visualization analysis business
2760,desktop certified associate
2761,data science databases
2762,home care expertise
2763,manager customer portfolio
2764,internship experience own
2765,mild mental disabilities
2766,commercial college education
2767,share positive energy
2768,geriatric psychiatry training
2769,experienced caregiver nurse
2770,specialized caregiver nurse
2771,have leadership qualities
2772,have organizational talent
2773,nursing customer advisors
2774,build customer relationships
2775,occupational therapy insight
2776,analytical customer oriented
2777,adobe creative suite
2778,cloud computing skills
2779,transport coordinator freight
2780,provide operational support
2781,overall operational handling
2782,geriatric care psychogeriatrie
2783,pc knowledge ms
2784,electrical installation activities
2785,developmental psychological perspective
2786,high tech sales
2787,mbo diploma care
2788,care level 3
2789,designer project manager
2790,technology maintenance engineer
2791,logistics engineer design
2792,planning cycle based
2793,senior management role
2794,Â· analytical skills
2795,engineering mechanic mechatronics
2796,c level contact
2797,dutch communication skills
2798,local knowledge dpd
2799,dpd leading predict
2800,maternity nurse diploma
2801,data analysis information
2802,different technical solutions
2803,senior technical advisor
2804,advisor project leader
2805,different cultural backgrounds
2806,customer experience first
2807,comfortable navigating partner
2808,master degree business
2809,providing hr services
2810,accounting financial control
2811,provides financial transactions
2812,repair service technician
2813,verbal aggression affinity
2814,standards management knowledge
2815,social psychiatric nursing
2816,wo diploma specializing
2817,vault management standardization
2818,security consulting teams
2819,somatic care demand
2820,sox management testing
2821,utrecht language dutch
2822,comparative financial analysis
2823,project leadership experience
2824,financial analysis capabilities
2825,experience financial analysis
2826,detecting financial crime
2827,service technician heating
2828,digital experiential pr
2829,substances driver license
2830,creating diagnostic innovations
2831,identify pragmatic approaches
2832,cloud computing solutions
2833,hbo level experience
2834,prevention assistant zevenbergen
2835,pipe fitter installation
2836,completed technical training
2837,life cycle management
2838,chain monitoring experience
2839,any technical experience
2840,periodic preventive maintenance
2841,technical maintenance work
2842,technology service technician
2843,completed technical hbo
2844,sheet reporting specialist
2845,study degree five
2846,junior client adviser
2847,make financial analyzes
2848,technicians project leaders
2849,dutch language experience
2850,team leader ict
2851,vig level 3
2852,client education mbo
2853,program management experience
2854,hbo education current
2855,sap partner practice
2856,cloud computing technologies
2857,cloud computing platform
2858,cloud computing services
2859,interns planning activities
2860,oriented technical designer
2861,common maintenance assembly
2862,at level 3ig
2863,english language possession
